{
  "dataset": "metr",
  "num_sensors": 207,
  "train_samples": 23990,
  "test_samples": 5142,
  "historical_average": {
    "MAE": 15.675058343141908,
    "RMSE": 23.596902224541807,
    "step_maes": [
      15.783561427846696,
      15.609350842138301,
      15.632262759440723
    ],
    "time_sec": 0.2
  },
  "persistence": {
    "MAE": 2.8228452557742743,
    "RMSE": 6.5796376358043585
  }
}